{"fold": 4, "epoch": 29, "train loss": 1.7434602975845337, "_timestamp": 1715671899.8820977, "_runtime": 2253.3984076976776, "_step": 604, "valid loss": 1.745696783065796, "_wandb": {"runtime": 2252}}