{"fold": 4, "epoch": 9, "train loss": 1.6840007305145264, "_timestamp": 1715669442.1845567, "_runtime": 910.7740998268127, "_step": 204, "valid loss": 1.6953376531600952, "_wandb": {"runtime": 910}}